Marque,Type de Vehicule,Nom du model,Annee,Couleur,Moteur,Chevaux,Prix (en euros),Description
Ferrari,Collection,458 Spider,1962,Rouge,V12,300,Sur demande,"La Ferrari 250 GTO est souvent considérée comme l'une des voitures de sport les plus légendaires jamais construites. Introduite en 1962, cette voiture de course homologuée pour la route incarne l'essence même de l'ingénierie italienne et du design automobile de l'époque. Dotée d'un moteur V12 de 3,0 litres produisant près de 300 chevaux, la 250 GTO était à la fois rapide sur piste et luxueuse sur route. Seulement 39 exemplaires ont été produits, ce qui en fait l'une des voitures de collection les plus recherchées au monde."
Ferrari,Collection,"365 GTB/4 ""Daytona""",1968,Rouge,V12,352,"500,000","La Ferrari 365 GTB/4, surnommée ""Daytona"" en hommage à la triple victoire de la marque au Mans en 1967, est un chef-d'œuvre de puissance et d'élégance. Propulsée par un moteur V12 de 4,4 litres développant environ 352 chevaux, la Daytona était l'une des voitures de grand tourisme les plus rapides de son époque, atteignant une vitesse de pointe impressionnante de plus de 280 km/h. Son design intemporel, avec ses lignes fluides et son profil agressif, en fait l'une des Ferrari les plus emblématiques jamais produites."
Ferrari,Collection,288 GTO,1984,Rouge,V8,400,"2,600,000","La Ferrari 288 GTO est la première voiture à porter le badge ""GTO"" depuis la légendaire 250 GTO des années 1960. Conçue à l'origine pour être un modèle de course du Groupe B, la 288 GTO était propulsée par un moteur V8 biturbo de 2,9 litres produisant environ 400 chevaux, ce qui lui permettait d'atteindre des vitesses de pointe de plus de 300 km/h. Bien que le Groupe B ait été annulé avant que la voiture ne puisse concourir, la 288 GTO est devenue une icône parmi les collectionneurs pour son mélange unique de performances de course et de design distinctif."
Ferrari,Collection,F40,1987,Rouge,V8,491,"2,200,000","Lancée en 1987 pour célébrer le 40e anniversaire de Ferrari, la F40 était alors la voiture de série la plus rapide au monde, capable d'atteindre une vitesse de pointe de plus de 320 km/h. Conçue comme une voiture de route homologuée pour la course, elle incarnait l'essence de la performance brute et de l'ingénierie de pointe. Son design agressif et son utilisation intensive de matériaux légers en fibre de carbone en font un objet de désir pour de nombreux amateurs de voitures de sport. La F40 est devenue un symbole de la puissance et de la passion de Ferrari pour l'automobile."
Ferrari,Collection,250 GT California Spyder,1951,Rouge,V12,237,"15,300,000","Produite dans les années 1950 et 1960, la Ferrari 250 GT California Spyder est l'une des voitures de sport les plus emblématiques de Ferrari. Elle était célèbre pour son design élégant, sa performance impressionnante et son exclusivité. La California Spyder était une voiture décapotable à deux places qui incarnait le style de vie décontracté de la Californie. Sa rareté et son histoire en font l'une des voitures les plus recherchées par les collectionneurs, avec des prix de vente aux enchères dépassant souvent plusieurs millions de dollars."
Ferrari,Collection,Dino 246 GT,1969,Rouge,V6,196,"400,000","La Ferrari Dino 246 GT, introduite en 1969, était une voiture de sport à moteur central produite en l'honneur du fils d'Enzo Ferrari, Alfredo ""Dino"" Ferrari, qui était décédé prématurément en 1956. Cette voiture était une version améliorée de la Dino 206 GT et était équipée d'un moteur V6 de 2,4 litres. La Dino 246 GT était réputée pour ses performances exceptionnelles, son agilité et son design élégant. Elle est devenue une icône de l'ère des voitures de sport à moteur central et reste très prisée des collectionneurs."
Ferrari,Collection,Testarossa,1984,Noir,V12,387,"288,000","Introduite en 1984, la Ferrari Testarossa était une supercar emblématique des années 1980. Elle était équipée d'un moteur V12 à plat de 4,9 litres, ce qui lui permettait d'atteindre des vitesses élevées avec facilité. Son design audacieux, avec ses larges prises d'air latérales distinctives, en a fait l'une des voitures les plus reconnaissables de son époque. La Testarossa est devenue célèbre dans la culture populaire grâce à son apparition dans de nombreux films et émissions de télévision, ce qui a contribué à renforcer sa réputation d'icône de l'automobile."
Mercedes-Benz,Collection,"300 SL ""Gullwing""",1956,Gris,V8,218,"6,800,000","La 300 SL est l'une des voitures les plus emblématiques de Mercedes-Benz, avec ses portes papillon distinctives lui donnant le surnom de ""Gullwing"" (ailes de mouette). Elle est propulsée par un moteur six cylindres en ligne de 3,0 litres, produisant environ 215 chevaux. Dotée d'une carrosserie en aluminium et d'un châssis tubulaire, la 300 SL était à la fois légère et performante. Elle était également la première voiture de série à être équipée d'injection directe, assurant une puissance et une efficacité remarquables."
Mercedes-Benz,Collection,600 Finition Pullman,1977,Noir,V8,300,"500,000","La Mercedes-Benz Pullman est une série de limousines de luxe produites par Mercedes-Benz. Elle a été introduite dans les années 1920 avec le modèle 24/100/140 PS, mais elle est devenue emblématique dans les années 1960 avec la série des modèles 600 Pullman. Ces voitures étaient utilisées par des chefs d'État et des personnalités influentes à travers le monde en raison de leur luxe et de leur confort exceptionnels. La Pullman était équipée de moteurs puissants, de suspensions pneumatiques et d'intérieurs somptueux avec des équipements haut de gamme. Bien que la production de la 600 Pullman ait pris fin dans les années 1980, son héritage a été perpétué à travers d'autres modèles Mercedes-Benz, notamment la Classe S Maybach."
Mercedes-Benz,Collection,190 SL,1955,Gris,I4,105,"130,000","La Mercedes-Benz 190 SL était une voiture de sport élégante et raffinée, souvent considérée comme la ""petite sœur"" de la célèbre 300 SL. Propulsée par un moteur quatre cylindres en ligne de 1,9 litre, développant environ 105 chevaux, la 190 SL offrait des performances plus accessibles tout en conservant le style distinctif de son aînée. Avec sa carrosserie décapotable et son intérieur luxueux, la 190 SL était très appréciée des amateurs de voitures de sport élégantes et sophistiquées."
Mercedes-Benz,Collection,540K,1935,Rouge,I8,180,Sur demande,"La Mercedes-Benz 540K était une voiture de grand tourisme produite dans les années 1930. Elle était célèbre pour son style élégant, sa performance impressionnante et sa rareté. Propulsée par un moteur huit cylindres en ligne suralimenté de 5,4 litres, la 540K était l'une des voitures les plus rapides de son époque. Elle était souvent carrossée par des carrossiers de renom, offrant une variété de styles de carrosserie personnalisés, y compris des cabriolets, des coupés et des roadsters. La 540K est devenue une icône de l'ère pré-guerre de l'automobile et reste très prisée par les collectionneurs."
Mercedes-Benz,Collection,170K,1931,Noir,I4,53,"35,000","La Mercedes-Benz 170 était une voiture compacte produite dans les années 1930, 1940 et 1950. Elle était réputée pour sa fiabilité, sa durabilité et son économie de fonctionnement. Disponible en différentes versions, y compris des berlines, des cabriolets et des breaks, la 170 était populaire auprès d'un large éventail de clients. Elle était propulsée par un moteur quatre cylindres en ligne de 1,7 litre et offrait des performances modestes mais suffisantes pour une utilisation quotidienne. La 170 a contribué à établir la réputation de Mercedes-Benz pour la qualité et l'ingénierie solide."
Mercedes-Benz,Collection,300 SL Roadster,1957,Noir,I6,240,"1,500,000","La Mercedes-Benz 300 SL Roadster est la version cabriolet de la célèbre 300 SL ""Gullwing"". Introduite en 1957, elle conserve le style emblématique de la 300 SL tout en offrant la possibilité de profiter d'une conduite décapotable. Propulsée par le même moteur six cylindres en ligne de 3 litres que la version coupé, la 300 SL Roadster offre des performances remarquables et un plaisir de conduite incomparable. Avec son design élégant et son héritage de course, la 300 SL Roadster incarne le luxe et le prestige de Mercedes-Benz dans les années 1950 et 1960."
Mercedes-Benz,Collection,280 SE 3.5 Cabriolet,1971,Rouge,V8,200,"70,000","La Mercedes-Benz 280 SE 3.5 Cabriolet de 1971 était une voiture emblématique de son époque, offrant luxe, confort et performances. Avec son moteur V8 de 3,5 litres, elle délivrait environ 200 chevaux et avait une vitesse maximale d'environ 210 km/h (130 mph), ce qui était impressionnant pour son temps.Cette voiture était très prisée par les célébrités et les personnalités influentes de l'époque en raison de son élégance intemporelle et de son raffinement. Elle incarnait le summum du luxe et de la sophistication dans l'industrie automobile. Son moteur V8 fournissait une puissance suffisante pour offrir des performances agréables, tandis que son design classique et ses finitions haut de gamme en faisaient une voiture de grand prestige. Avec son cabriolet, elle offrait également une expérience de conduite unique, permettant aux occupants de profiter pleinement du plaisir de rouler en plein air."
Mercedes-Benz,Collection,230 SL Pagode,1967,Bleu,I6,150,"80,000","La Mercedes-Benz 230 SL Pagode, produite à partir de 1963, était une voiture emblématique de son époque, renommée pour son design élégant et ses performances solides. La version de 1967 était équipée d'un moteur six cylindres en ligne de 2,3 litres, produisant environ 150 chevaux. En termes de vitesse maximale, la Mercedes-Benz 230 SL Pagode de 1967 pouvait atteindre environ 200 km/h (124 mph), ce qui était très respectable pour l'époque. Bien que ce chiffre puisse varier légèrement en fonction de divers facteurs tels que le réglage du moteur et les conditions de conduite, la voiture offrait des performances satisfaisantes pour les conducteurs de l'époque. La 230 SL Pagode était également connue pour son maniement agile et sa tenue de route précise, grâce à sa suspension indépendante aux quatre roues et à sa conception équilibrée. Elle était souvent appréciée pour son équilibre entre performances sportives et confort de conduite. Au-delà de ses performances, la Pagode était également célèbre pour son style distinctif, caractérisé par son toit rigide amovible en forme de pagode, d'où elle tire son surnom. Son design intemporel et ses lignes épurées en ont fait un modèle recherché par les collectionneurs d'aujourd'hui."
Mercedes-Benz,Collection,"280 SL ""Pagode""",1968,Gris,I6,170,"120,000","La Mercedes-Benz 280 SL Pagode, également connue sous le nom de Mercedes-Benz W113, était une voiture emblématique de son époque, produite entre 1967 et 1971. Équipée d'un moteur six cylindres en ligne de 2,8 litres, elle produisait environ 170 chevaux. En ce qui concerne sa vitesse maximale, la Mercedes-Benz 280 SL Pagode de 1968 pouvait atteindre environ 200 km/h (124 mph), ce qui était assez impressionnant pour son époque. Ces performances étaient dues en partie à son moteur robuste et à sa conception légère, qui lui permettaient d'atteindre des vitesses élevées avec aisance.La 280 SL Pagode était également appréciée pour son excellente tenue de route et sa maniabilité précise, grâce à sa suspension indépendante aux quatre roues et à son châssis bien équilibré. Cela en faisait une voiture de sport agréable à conduire sur des routes sinueuses ouvertes.Le design de la Pagode était également un élément clé de son attrait, avec son toit rigide amovible qui pouvait être rangé dans le coffre arrière, transformant la voiture en un cabriolet élégant. Son style intemporel, caractérisé par des lignes épurées et des proportions harmonieuses, en a fait un classique de l'automobile qui est toujours très recherché par les collectionneurs aujourd'hui."
Mercedes-Benz,Collection,300 SLR Ulhenhaut Coupé,1955,Gris,I8,310,"135,000,000","Le Mercedes-Benz 300 SLR Uhlenhaut Coupé est une pièce rare et prestigieuse de l'histoire automobile. Conçue en 1955 par Rudolf Uhlenhaut, ingénieur en chef chez Mercedes-Benz, cette voiture représente l'apogée de l'ingénierie et du design de l'époque. Seuls deux exemplaires ont été produits, une se trouve au musée Merdedes-Benz tandis que la seconde est devenue la voiture la plus cher du monde. Doté du même moteur huit cylindres en ligne de 3 litres que la 300 SLR standard, produisant environ 310 chevaux, l'Uhlenhaut Coupé se distinguait par sa carrosserie en aluminium spécialement conçue pour améliorer l'aérodynamique, ainsi que par des ajustements au niveau du châssis pour renforcer la rigidité. Ces modifications ont été réalisées pour maximiser les performances de la voiture sur piste. En raison de sa rareté, de son association avec Rudolf Uhlenhaut et de son importance historique, le 300 SLR Uhlenhaut Coupé est devenu l'une des voitures de course les plus convoitées au monde. Chaque exemplaire est considéré comme un joyau de l'automobile, représentant un témoignage de l'ingéniosité et de la maîtrise technique de Mercedes-Benz à cette époque."
Mercedes-Benz,Collection,300 D,1962,Noir,I6,168,"60,000","La Mercedes-Benz 300 D de 1962 représente l'apogée du luxe et de la sophistication dans le segment des berlines à cette époque. Avec son design élégant et intemporel, elle incarnait le prestige et le raffinement caractéristiques de la marque allemande. Sous son capot se trouvait un moteur diesel six cylindres en ligne, symbole d'efficacité énergétique et de fiabilité, offrant des performances solides et une conduite en douceur. L'intérieur spacieux et somptueux était doté de finitions haut de gamme et de technologies de pointe pour l'époque, offrant un confort exceptionnel aux passagers. De plus, la Mercedes-Benz 300 D était équipée d'innovations telles que des freins assistés, une suspension indépendante aux quatre roues et une direction assistée, assurant une conduite souple et sécuritaire."
Porsche,Collection,356,1948,Noir,V2,40,"65,000","La Porsche 356 est la première voiture de production de la marque. Disponible en différentes versions, y compris coupé, cabriolet et speedster, la 356 était propulsée par un moteur à plat quatre cylindres refroidi par air, situé à l'arrière. Les premiers modèles étaient équipés d'un moteur de 1,1 litre produisant environ 40 chevaux, tandis que les versions ultérieures ont été améliorées pour atteindre jusqu'à 130 chevaux dans la 356 Carrera 2. La 356 a établi les bases de ce qui allait devenir l'ADN de Porsche en matière de design et de performance."
Porsche,Collection,911 Carrera RS 2.7,1973,Orange,F4,210,"500,000","La Porsche 911 Carrera RS 2.7 est une version spéciale de la célèbre 911 de première génération. Dotée d'un moteur flat-six de 2,7 litres produisant environ 210 chevaux, la Carrera RS 2.7 était destinée à la course mais également homologuée pour la route. Elle était légère, agile et offrait des performances de premier ordre. La Carrera RS 2.7 était également célèbre pour son design distinctif, avec son aileron arrière ""queue de canard"" et ses couleurs vives de course."
Porsche,Collection,959,1986,Blanc,H6,450,Sur demande,"La Porsche 959 était une voiture de sport révolutionnaire pour son époque. Équipée d'un moteur flat-six biturbo de 2,8 litres produisant environ 450 chevaux, la 959 était l'une des voitures de série les plus rapides de son temps, avec une vitesse de pointe dépassant les 300 km/h. Elle était également équipée d'une transmission intégrale, d'une suspension réglable et d'une carrosserie en aluminium et en composite, lui conférant des performances et une maniabilité exceptionnelles sur route et sur piste."
Porsche,Collection,930 TURBO 3.3 FLATNOSE,1975,Blanc,H6,300,"310,000","La Porsche 930 Turbo, introduite en 1975, était une version suralimentée de la Porsche 911, qui a marqué une étape importante dans l'histoire de la marque. Son développement a été motivé par les succès de Porsche en compétition, notamment dans le Championnat du Monde des Voitures de Sport de la FIA, où les turbocompresseurs étaient de plus en plus utilisés pour augmenter la puissance des voitures de course. La 930 Turbo était dotée d'un moteur six cylindres à plat refroidi par air, équipé d'un turbocompresseur, ce qui lui permettait de délivrer une puissance impressionnante pour son époque. Avec son aileron arrière distinctif et ses élargisseurs d'ailes caractéristiques pour accommoder des pneus plus larges, la 930 Turbo était reconnaissable instantanément sur la route et sur la piste."
Porsche,Collection,928,1978,Gris,V8,235,"40,000","La Porsche 928 a été introduite en 1978 en tant que modèle phare de la gamme Porsche, conçue pour être une GT (Grand Tourisme) de luxe haut de gamme. Contrairement à la tradition de Porsche avec la 911, la 928 était équipée d'un moteur V8 monté à l'avant, ce qui en faisait une proposition de conduite différente mais tout aussi séduisante. Conçue comme une voiture de grand tourisme plutôt qu'une voiture de sport pur, la 928 offrait un confort et une sophistication supérieurs tout en conservant les performances et la qualité de fabrication caractéristiques de Porsche. Son moteur V8 de haute performance, combiné à une transmission arrière et à une suspension sophistiquée, offrait une conduite sportive et agile tout en étant confortable sur de longs trajets."
Porsche,Collection,914,1976,Jaune,F4,265,"38,000","La Porsche 914 a une histoire intéressante car elle a été le fruit d'une collaboration entre Porsche et Volkswagen. Conçue pour être une voiture de sport compacte et abordable, elle a été introduite sur le marché en 1969 et produite jusqu'en 1976. Cette collaboration entre Porsche et Volkswagen est née du besoin de Volkswagen de renouveler sa gamme de voitures de sport après l'arrêt de la production de la Karmann Ghia. Porsche, de son côté, cherchait à élargir sa gamme de modèles avec une voiture plus abordable. La conception de la 914 a été confiée à Porsche, tandis que la fabrication a été réalisée conjointement avec Volkswagen. Le design de la voiture était plutôt unique pour son époque, avec une carrosserie Targa, un moteur monté à l'arrière et une suspension indépendante sur les quatre roues"
Porsche,Collection,944,1982,Rouge,I4,187,"13,990","La Porsche 944 est née d'une évolution de la Porsche 924. Elle a été introduite sur le marché en 1982 et produite jusqu'en 1991. La 944 a été conçue pour être une voiture de sport plus performante et plus raffinée que la 924, offrant une expérience de conduite encore plus sportive tout en conservant le confort et la praticité d'une GT (Grand Tourisme). La 944 était équipée d'un moteur quatre cylindres en ligne monté à l'avant, qui offrait des performances impressionnantes grâce à sa conception équilibrée et à son potentiel de réglage. Elle était disponible en différentes versions au fil des ans, avec des améliorations constantes de ses performances, de sa tenue de route et de son confort."
Aston Martin,Collection,DB5,1964,Gris,I6,325,"1,000,000","L'Aston Martin DB4 GT est une version sportive de la célèbre DB4. Introduite en 1959, cette voiture de course homologuée pour la route était conçue pour la compétition. Avec son moteur six cylindres en ligne, la DB4 GT offrait des performances supérieures et une agilité exceptionnelle. Produite en petite quantité, cette Aston Martin est devenue l'une des voitures de collection les plus recherchées au monde. Posséder une DB4 GT, c'est posséder une pièce d'histoire automobile et un symbole du raffinement britannique en matière de voitures de sport. Chaque détail de la DB4 GT témoigne de l'engagement d'Aston Martin envers l'excellence et l'innovation."
Aston Martin,Collection,DB4,1960,Vert,I6,315,"850,000","L'Aston Martin DB5 est une icône de l'industrie automobile britannique. Célèbre pour son apparition dans plusieurs films de James Bond, la DB5 incarne l'élégance et le luxe intemporel. Dotée d'un moteur six cylindres en ligne, cette voiture offrait des performances impressionnantes et un style incomparable. Avec ses lignes épurées et son intérieur raffiné, la DB5 reste l'une des voitures les plus emblématiques jamais produites par Aston Martin. Posséder une DB5, c'est posséder une pièce de l'histoire du cinéma et de l'automobile, ainsi qu'un symbole de l'élégance britannique. Chaque détail de la DB5 respire le luxe et la sophistication."
Aston Martin,Collection,DB6,1965,Bleu,I6,382,"1,400,000","L'Aston Martin DB6 est la continuation de la lignée des DB lancée par la DB4. Cette version améliorée, introduite en 1965, offrait un style modernisé et des performances accrues par rapport à son prédécesseur. Avec son moteur six cylindres en ligne, la DB6 offrait une conduite raffinée et des performances de grand tourisme. Connu pour son confort et son élégance, ce modèle est très apprécié des collectionneurs. Posséder une DB6, c'est posséder une pièce de l'histoire automobile britannique et un symbole du luxe et de la performance. Chaque aspect de la DB6 témoigne de l'engagement d'Aston Martin envers l'excellence et le raffinement."
Aston Martin,Collection,V8 Vantage,1977,Bleu,V8,410,"110,000","L'Aston Martin V8 Vantage est une GT de luxe introduite en 1977. Avec son moteur V8, cette voiture offrait des performances impressionnantes et un style élégant. La V8 Vantage était également connue pour sa technologie de pointe et son confort de conduite. En raison de son histoire riche et de son charisme, elle est devenue une icône dans le monde des voitures de sport haut de gamme. La V8 Vantage incarne le mariage parfait entre le luxe et la performance, offrant une expérience de conduite inoubliable à ses heureux propriétaires."
Aston Martin,Collection,DB2,1953,Vert,I6,106,"325,000","L'Aston Martin DB2 est l'un des premiers modèles de la marque après la Seconde Guerre mondiale. Lancée en 1950, cette voiture de sport était équipée d'un moteur six cylindres en ligne et offrait des performances remarquables pour son époque. La DB2 était également reconnue pour son design élégant et son confort de conduite. En raison de son histoire riche et de son importance dans l'évolution d'Aston Martin en tant que fabricant de voitures de sport de renom, la DB2 est devenue très prisée des collectionneurs du monde entier. Posséder une DB2, c'est posséder un morceau de l'histoire automobile britannique."
Aston Martin,Collection,DBS,1971,Blanc,V8,340,"105,000","L'Aston Martin DBS V8 était la version V8 de la célèbre DBS. Introduite en 1971, cette voiture de grand tourisme offrait des performances améliorées grâce à son moteur V8 plus puissant. Avec son style élégant et ses performances impressionnantes, la DBS V8 est devenue très prisée des amateurs de voitures de sport de luxe. En raison de son histoire riche et de son importance dans l'évolution de la marque Aston Martin, elle est très recherchée par les collectionneurs du monde entier. Posséder une DBS V8, c'est posséder une pièce de l'histoire automobile britannique et un symbole de l'élégance et de la performance."
Aston Martin,Collection,DB7,1994,Vert,V12,420,"19,000","L'Aston Martin DB7 est une GT de luxe produite de 1994 à 2004. Avec son moteur six cylindres en ligne ou V12, cette voiture offrait des performances exceptionnelles et un confort de conduite inégalé. La DB7 était également reconnue pour son design élégant et son intérieur luxueux. En raison de son histoire riche et de son importance dans l'évolution de la marque Aston Martin, elle est très prisée des collectionneurs du monde entier. Posséder une DB7, c'est posséder une pièce de l'histoire automobile britannique et un symbole du luxe et de la performance."
Lamborghini,Collection,Miura,1966,Rouge,V12,350,"1,100,000","La Lamborghini Miura est un modèle de voiture de sport produite par le fabricant italien Lamborghini entre 1966 et 1973. Elle est souvent créditée comme la première supercar moderne, introduisant le concept du moteur central-arrière dans les voitures de production en série.La conception de la Miura est le fruit du travail de l'équipe de Lamborghini, y compris les ingénieurs Gian Paolo Dallara, Paolo Stanzani et Bob Wallace, ainsi que du designer Marcello Gandini de chez Bertone. La voiture a été nommée d'après le célèbre éleveur de taureaux Don Eduardo Miura, renforçant ainsi l'image de puissance et de force associée à la marque Lamborghini.Dotée d'un moteur V12 de 4 litres monté en position centrale, la Miura délivrait une puissance impressionnante pour son époque, allant jusqu'à 350 chevaux. Son allure basse et agressive, avec ses lignes fluides et ses portes à ouverture papillon, en ont fait une icône du design automobile."
Lamborghini,Collection,Countach,1987,Noir,V12,455,"750,000","La Lamborghini Countach, une légende de l'industrie automobile, a marqué son époque par ses performances exceptionnelles et son design révolutionnaire. Propulsée par un moteur V12 monté en position centrale, la Countach offrait une puissance impressionnante, atteignant jusqu'à 455 chevaux dans certaines versions, tandis que sa vitesse maximale dépassait les 290 km/h. Ces chiffres incroyables en faisaient l'une des voitures les plus rapides et les plus puissantes de son temps, établissant de nouveaux standards de performance et de technologie pour les supercars à venir. La Countach a ainsi laissé une empreinte indélébile dans l'histoire de l'automobile, captivant les passionnés du monde entier par son mélange inégalé de puissance brute et de design avant-gardiste."
Lamborghini,Collection,Diablo,1992,Noir,V12,500,"275,000","La Lamborghini Diablo, introduite en 1990, représentait le summum de l'ingénierie automobile de son époque. Dotée d'un moteur V12 atmosphérique, la Diablo a évolué au fil des ans pour offrir des performances impressionnantes, avec une puissance allant de 485 à plus de 500 chevaux dans les éditions ultérieures. Sa vitesse maximale, variant entre 320 et 340 km/h selon les versions, en faisait l'une des voitures les plus rapides de son temps. La Diablo se démarquait également par son design saisissant, caractérisé par des lignes angulaires et agressives, signées Marcello Gandini. À l'intérieur, elle offrait un habitacle luxueux et ergonomique, offrant à la fois confort et contrôle pour le conducteur. La technologie était également au cœur de la Diablo, avec des caractéristiques telles que la transmission intégrale sur les modèles VT, qui améliorait la traction et la stabilité, et des systèmes de suspension sophistiqués pour une tenue de route optimale."
Lamborghini,Collection,Jalpa,1981,Blanc,V8,235,"100,000","La Lamborghini Jalpa, produite entre 1981 et 1988, a marqué une période intéressante dans l'histoire de Lamborghini. Conçue comme une alternative plus abordable aux modèles V12 de la marque, la Jalpa était équipée d'un moteur V8 de 3,5 litres développant environ 255 chevaux. Bien que moins puissante que ses homologues, elle offrait néanmoins des performances respectables, avec une vitesse maximale d'environ 245 km/h et une accélération de 0 à 100 km/h en environ 6 secondes."
Lamborghini,Collection,Urraco,1973,Bleu,V8,200,"70,000","La Lamborghini Urraco, lancée en 1973, était un modèle crucial pour la marque italienne. Conçue pour élargir la gamme Lamborghini et la rendre plus accessible, la Urraco arborait un design élégant et sportif, signé Marcello Gandini de chez Bertone. Propulsée par un moteur V8 monté en position centrale, elle était disponible en plusieurs versions, notamment la P250, la P200 et la P300, offrant des puissances respectives autour de 250, 200 et 182 chevaux. Bien que ses performances étaient solides pour l'époque, atteignant une vitesse maximale d'environ 240 km/h, la Urraco a été confrontée à des défis, notamment des problèmes de qualité et la crise pétrolière des années 1970. Malgré sa production limitée d'environ 791 unités et sa fin de production en 1979, la Urraco reste appréciée des passionnés pour son design distinctif et son rôle dans l'histoire de Lamborghini, symbolisant la tentative de la marque de s'ouvrir à un nouveau public tout en conservant son essence sportive et luxueuse."
Lamborghini,Collection,Diablo SV,1995,Jaune,V12,520,"270,000","La Lamborghini Diablo SV que nous vous proposons à la vente est une 1ère série, avec les phares escamotables, symboles d'une époque. C'est la dernière vraie Lamborghini à roues arrière motrices avant le rachat par Audi. Produite entre 1995 et 1998, la Diablo SV première série est une simple propulsion qui dispose de suspensions mécaniques. Elle est équipée du moteur V12 développant une puissance de 520 ch mais aussi de jantes arrière en 18 pouces et d'un aileron arrière réglable. Les freins étaient renforcés et majorés. A l'intérieur, le cuir fait place à l'Alcantara et les appuie-têtes sont brodés SV. Dans cette livrée Giallo Fly, avec ses roues noires d'origine, cette Diablo impressionne par son impact visuel. Notre modèle a un historique limpide : livrée neuve en France par JB Automobiles, cette Diablo SV a toujours appartenue à des français et été entretenue en France. Nous possédons le carnet d'origine ainsi que toutes les factures d'entretien! Parfaitement entretenue et conservée, son état mécanique et esthétique est irréprochable."
Maserati,Collection,500GT Touring,1962,Bleu,I6,220,"340,000","La Maserati 3500GT Touring de 1962 est souvent célébrée comme une des icônes de l'élégance et de la performance dans le monde de l'automobile classique. Lancée dans les années 50, cette splendide voiture de grand tourisme symbolise le raffinement de l'ingénierie et du design italiens de cette époque. Equipée d'un moteur six cylindres en ligne de 3,5 litres développant environ 220 chevaux, la 3500GT Touring était conçue pour allier vitesse et confort sur de longues distances. Avec son design carrossé par Touring de Milan, elle marie la beauté classique et l'innovation technique, ce qui en fait un modèle très convoité par les collectionneurs. La Maserati 3500GT Touring reste une pièce de collection de grande valeur, appréciée pour son histoire, son esthétique et ses performances sur route."
Maserati,Collection,Sebring 3500 GTi ,1965,Rouge,I6,268,"200,000","La Maserati Sebring 3500 GTi de 1965 est une icône emblématique qui fusionne avec élégance la performance sportive et le luxe. Successeur de la célèbre 3500GT, ce modèle est propulsé par un robuste moteur six cylindres de 3,5 litres, offrant une expérience de conduite dynamique et raffinée. Conçue en collaboration avec le carrossier italien Vignale, la Sebring se distingue par un design sophistiqué qui évoque le prestige et la grâce. Limitée en production, elle est devenue une pièce de collection extrêmement recherchée, appréciée pour son esthétique distinctive et sa mécanique avancée. Représentant l'apogée de l'automobile italienne des années 60, la Maserati Sebring 3500 GTi continue de captiver les amateurs et collectionneurs du monde entier avec son histoire riche et son héritage prestigieux."
Maserati,Collection,Ghibli Spyder,1967,Vert,V8,290,"760,000","La Maserati Ghibli Spyder de 1967 est une œuvre d'art roulante, emblématique du design et de la performance à l'italienne. Dessinée par Giugiaro, sa ligne épurée et sportive séduit instantanément. Dotée d'un puissant moteur V8, elle combine vitesse et sonorité envoûtante. Sa rareté et son élégance en font une pièce de choix pour les collectionneurs. Synonyme de luxe, la Ghibli Spyder incarne la passion et l'innovation de Maserati, marquant les esprits comme une des voitures les plus désirables de son époque. Avec son charme intemporel, elle reste un symbole prestigieux du patrimoine automobile."
Maserati,Collection,A61500,1949,Rouge,I6,156,"549,000","La Maserati A6 1500 de 1949 marque un tournant historique pour la marque italienne, introduisant Maserati dans le segment des voitures de route tout en conservant l'essence de ses origines de course.Conçue par Pininfarina, elle se distingue par son élégance et ses lignes fluides, préfigurant le design des GT modernes. Sous le capot, le moteur six cylindres de 1,5 litre, bien que modeste en puissance, reflète une ingénierie de précision, offrant une expérience de conduite raffinée et sportive. Sa production limitée et son design avant-gardiste font de l'A6 1500 un modèle très recherché et respecté parmi les collectionneurs, incarnant le début de l'ère des voitures de grand tourisme chez Maserati."
Maserati,Collection,Quattroporte,1967,Bleu,V8,240,"1,300,000","La Maserati Quattroporte de 1967 est un symbole d'élégance et de puissance, fusionnant le luxe d'une berline avec la performance d'une voiture de sport. Conçue pour répondre à la demande d'une clientèle exigeante souhaitant la vitesse d'une GT dans un format plus spacieux, la Quattroporte incarne la quintessence du confort et de la rapidité. Dotée d'un moteur V8 robuste, elle offre des accélérations impressionnantes tout en maintenant un niveau de confort et de raffinement adapté aux longs trajets. Son design, à la fois classique et imposant, reflète le prestige de la marque Maserati. Limitée en production, cette version est devenue une icône pour les connaisseurs, symbolisant le mariage parfait entre performance sportive et luxe discret."
Maserati,Collection,Merak,1978,Bleu,V6,378,"120,000","La Maserati Merak de 1978 est une voiture de sport italienne emblématique, reconnue pour son équilibre entre performance, style et accessibilité relative. Contrairement à ses prédécesseurs plus rares, la Merak a été produite en plus grand nombre, la rendant plus accessible tout en conservant les qualités distinctives de Maserati. Équipée d'un moteur V6 de 3,0 litres conçu en collaboration avec Citroën, elle offre une expérience de conduite dynamique et agile, typique des voitures de sport italiennes de cette époque. Son design, caractérisé par des lignes angulaires et une silhouette basse, est l'œuvre de Giorgetto Giugiaro. Bien que moins rare que d'autres modèles Maserati, la Merak reste très recherchée pour son mélange unique de performance, de style et d'héritage Maserati, symbolisant l'élégance sportive des années 70."
Maserati,Collection,Boomerang,1972,Gris,V8,430,"3,800,000","La Maserati Boomerang est un concept car unique et révolutionnaire présenté pour la première fois en 1972. Conçu par le célèbre designer italien Giorgetto Giugiaro, ce véhicule se distingue par ses lignes angulaires tranchantes et son design futuriste qui a marqué les esprits et influencé le design automobile pendant des années. Le Boomerang était bien plus qu'une simple étude de style; il était entièrement fonctionnel, équipé d'un moteur V8 Maserati produisant une puissance impressionnante. Bien qu'il n'ait jamais été destiné à la production en série, le Boomerang a établi des standards en matière de design automobile et reste une icône de l'innovation et de l'audace de Maserati. Son héritage perdure dans de nombreux véhicules conçus après lui, faisant de ce concept car un véritable jalon dans l'histoire de l'automobile."
Ferrari,Sportive,LaFerrari,2013,Rouge,V12,950,"3,600,000","La Ferrari LaFerrari est une voiture hybride haute performance produite par Ferrari entre 2013 et 2016. Elle était équipée d'un moteur V12 atmosphérique de 6,3 litres, associé à un moteur électrique, offrant une puissance totale combinée de plus de 950 chevaux. La LaFerrari était la première Ferrari à utiliser un système de récupération d'énergie cinétique (KERS) dérivé de la Formule 1, lui conférant des performances extraordinaires sur piste et sur route. Elle était également dotée de technologies aérodynamiques avancées pour une efficacité maximale."
Ferrari,Sportive,488 pista spider,2019,Blanc,V8,710,"440,000","La Ferrari 488 Pista spider a été dévoilée pour la première fois au Salon de l'Automobile de Genève en 2018. Elle s'inscrit dans la lignée des versions ""Speciale"" de Ferrari, telles que la 458 Speciale et la 430 Scuderia, qui sont des variantes plus légères, plus puissantes et plus orientées vers la piste des modèles de production standard. La 488 Pista est une évolution naturelle de la 488 GTB, bénéficiant de nombreuses améliorations techniques et aérodynamiques pour offrir des performances encore plus impressionnantes."
Ferrari,Sportive,SF90 Stradale,2020,Noir,V8,1000,"600,000","La Ferrari SF90 Stradale est la première Ferrari de série à propulsion hybride plug-in (PHEV). Dotée d'un moteur V8 biturbo de 4,0 litres associé à trois moteurs électriques, la SF90 Stradale offre une puissance totale de plus de 1 000 chevaux, ce qui en fait la Ferrari de série la plus puissante à ce jour. Elle est également la première Ferrari à être équipée de quatre roues motrices. La SF90 Stradale est conçue pour offrir des performances de supercar extrêmes tout en offrant une efficacité énergétique améliorée grâce à son système hybride avancé."
Ferrari,Sportive,F8 SPIDER,2022,Jaune,V8,710,"360,000","La Ferrari F8 Tributo est la dernière berlinette à moteur V8 central-arrière 100% thermique de la firme de Maranello, elle est plus puissante de 50 chevaux et plus légère de 20 kg que la 488 Spider. Sans aucun lag de turbo, son V8 est l'un des plus performants au monde et sa mélodie reste voluptueuse. Dans la déclinaison F8 Spider, la voiture peut passer en cabriolet en seulement 14 secondes, et ce, jusqu'à 45 km/h. Le V8 biturbo 3.9L en position centrale arrière de la F8, issu de la 488 Pista et élu pendant 4 années consécutives le meilleur V8 du monde, développe donc 720 chevaux, soit 185 chevaux par litre. Ainsi, l'auto est propulsée à 100 km/h en seulement 2,9 secondes et à 200 km/h en 8,2 secondes ! La vitesse maximale du modèle est donnée pour 340 km/h."
Ferrari,Sportive,458 SPIDER,2011,Rouge,V8,570,"220,000","La Ferrari 458 Spider est une supercar décapotable produite par le constructeur automobile italien Ferrari. Elle a été dévoilée en 2011 au Salon de l'automobile de Francfort en remplacement de la Ferrari F430 Spider. Cette voiture est le cabriolet de la Ferrari 458 Italia, qui a été lancée un an auparavant. Elle partage la plupart de ses caractéristiques techniques avec la 458 Italia, notamment son moteur V8 de 4,5 litres développant environ 570 chevaux. Cela lui permet d'atteindre une vitesse de pointe de plus de 320 km/h et d'accélérer de 0 à 100 km/h en seulement 3,4 secondes. La 458 Spider est équipée d'un toit rigide escamotable en aluminium qui se replie ou se déploie en seulement 14 secondes. Ce toit peut être actionné à des vitesses allant jusqu'à 50 km/h, offrant ainsi une polyvalence remarquable en termes de conduite."
Mercedes,Sportive,Project ONE,2017,Gris,V6,1049,"2,275,000","La Mercedes-AMG Project ONE est une hypercar révolutionnaire inspirée de la technologie de la Formule 1. Dévoilée pour la première fois au Salon de l'Automobile de Francfort en 2017, la Project ONE repousse les limites de l'ingénierie automobile avec son groupe motopropulseur hybride haute performance directement dérivé des voitures de course de Mercedes-AMG Petronas Formula One Team. Dotée d'un moteur V6 turbo hybride et de quatre moteurs électriques, la Project ONE offre des performances impressionnantes sur route et une expérience de conduite incomparable. Avec une production limitée à seulement 275 exemplaires, la Project ONE représente le summum du savoir-faire technologique de Mercedes-AMG."
Mercedes,Sportive,AMG GT,2014,Jaune,V8,620,"160,000","La Mercedes-AMG GT est une voiture de sport développée par Mercedes-AMG, la branche hautes performances de Mercedes-Benz. Elle a été introduite en 2014 en remplacement de la SLS AMG. La GT est proposée dans différentes variantes, allant de la GT de base à la puissante GT R et à la GT Black Series. Ces modèles incarnent l'expertise de Mercedes-AMG en matière de performances et de design, offrant une expérience de conduite exaltante associée au confort et au luxe caractéristiques de Mercedes-Benz."
Mercedes,Sportive,AMG GT 4-Door Coupe,2019,Rouge,V8,459,"220,000","La Mercedes-AMG GT 4-Door Coupe est une extension de la gamme AMG GT, offrant les performances et le style emblématiques de la GT dans une configuration de berline à quatre portes. Elle a été présentée pour la première fois en 2018 au Salon de l'Automobile de Genève. Disponible dans une variété de configurations, y compris des versions à quatre roues motrices et des modèles équipés du système de propulsion hybride EQ Boost, la GT 4-Door Coupe offre une combinaison unique de performances et de praticité."
Mercedes,Sportive,Classe S 65 AMG,2019,Noir,V12,630,"150,000",Cette Mercedes classe S65 AMG est une belle illustration de la personalisation poussée dans le détail puisqu'elle a été revisitée par la maison japonaise Wald International. Dans la catégorie des limousines de luxe musclées la S65 AMG s'impose comme une auto incontournable. Un concept comme seul AMG sait le proposer où l'équipement high-tech côtoie la haute performance avec un côté bestial bien camouflé. Sa mécanique est un colossal V12 suralimenté par 2 turbos pour une puissance allant jusqu'à 630 chevaux et s'exprimant dans une sonorité dénotant avec l'allure et le positionnement de l'auto.
Mercedes,Sportive,SLR MCLAREN,2003,Gris,V8,626,"400,000","Fruit d’une étroite collaboration entre McLaren et Mercedes-Benz, la SLR est présentée dans sa version finale au Salon de Francfort en 2003. 2157 exemplaires seront produits, toutes versions confondues. La SLR vient alors concurrencer la Ferrari Enzo et la Porsche Carrera GT avec une ligne futuriste, notamment avec ce capot des plus impressionnants, et un bruit de compresseur inimitable. Cette Mercedes rend hommage aux célèbres Flèches d’Argent et surtout à la 300 SLR à laquelle elle emprunte le nom. Sous le capot, on retrouve un V8 Mercedes-AMG qui délivre 626 chevaux et pas moins de 780 nm de couple ! Un aileron actif équipe l’auto pour assurer un aérodynamisme efficace à très haute vitesse. Sa suspension est issue du sport automobile, on retrouve également des disques carbone-céramique. Le 0 à 100 km/h est annoncé en 3,8 secondes pour une vitesse maximale de 334 km/h. Le châssis de la SLR, une monocoque en carbone, est assemblé à Woking dans les usines de McLaren."
Porsche,Sportive,911 GT3 RS,2020,Noir,F6,518,"310,000","La Porsche 991 II GT3 RS est à sa sortie la déclinaison au moteur atmosphérique le plus puissant dans la gamme 911. Cette auto ultra-radicale et pistarde dans l'âme s'habille de série d'un immense aileron arrière fixe, de jantes à écrou central, de sorties d'air supplémentaires, mais aussi à l'intérieur de l'imposant arceau-cage, d'un harnais 6 points ou encore des sièges baquets de la 918 Spyder. Pour mériter le prestigieux label RS, cette 991 bénéficie évidemment d'une augmentation de cylindrée, d'un allègement, d'une optimisation de l'aérodynamique et des trains roulants. Radicale mais pas inutilisable au quotidien, la GT3 RS dispose de 520 ch tirés de son flat six cycilndres atmosphérique. Cela lui permet de revendiquer un 0 à 100 km/h abattu en 3,2 secondes et une vitesse maximale de 312 km/h."
Porsche,Sportive,991 II GT2 RS PACK WEISSACH,2018,Jaune,F6,700,"310,000","L’agressivité est totale lorsque la main gauche tourne la clé de contact. Le flat six s’ébroue et se stabilise sur un ralenti aussi sonore que sourd émanant de l’échappement en titane. La mise en route est facile, en large partie grâce à la perfection de la boîte à double embrayage PDK7, aussi à l’aise en manœuvres qu’à pleine charge. L’ambiance à bord est très 911 RS, une orgie d’alcantara et de carbone du plus bel effet. Porsche extrait du flat six biturbo de 3800 cm3 un couple de 750 Nm entre 2500 et 4500 t/min, et la puissance culmine à 700 chevaux à 7000 t/min. Porsche est resté fidèle à sa recette de base, avec deux turbocompresseurs à géométrie variable, mais le bond par rapport aux 911 de pointe est énorme: +50 Nm et +80 ch par rapport à la 997.2 GT2 RS, +120 ch par rapport à la 991 Turbo S contemporaine."
Porsche,Sportive,918 Spyder,2014,Gris,V8,800,"1,400,000","La Porsche 918 Spyder, dévoilée en 2014, incarne l'apogée de l'ingénierie automobile moderne. Cette supercar hybride réunit un design saisissant, une technologie de pointe et des performances stupéfiantes pour offrir une expérience de conduite inégalée. Dès son introduction, la 918 Spyder a captivé l'imagination des passionnés d'automobile du monde entier. Son design audacieux, mêlant lignes fluides et éléments aérodynamiques, témoigne de l'attention portée aux détails chez Porsche. La carrosserie en fibre de carbone, légère et rigide, contribue à sa performance exceptionnelle. Sous le capot, la 918 Spyder abrite un système de propulsion hybride sophistiqué. Un moteur V8 atmosphérique de 4,6 litres, associé à deux moteurs électriques, génère une puissance combinée de plus de 800 chevaux. Cette puissance est transmise aux quatre roues, offrant une accélération fulgurante et une tenue de route exceptionnelle."
Porsche,Sportive,718 CAYMAN GT4 RS,2019,Gris,F6,400,"160,000","La Porsche 718 Cayman GT4 RS, lancée en tant que dernière itération de la lignée emblématique Cayman, représente l'apogée de la performance dans sa catégorie. Propulsée par un moteur six cylindres à plat de haute performance, la GT4 RS développe une puissance impressionnante de plus de 400 chevaux, permettant des accélérations fulgurantes et des sensations fortes à chaque pression sur l'accélérateur. Grâce à cette puissance, la GT4 RS est capable d'atteindre une vitesse de pointe remarquable, dépassant les 300 km/h. Cette performance est soutenue par un châssis affûté, une aérodynamique optimisée et une suspension recalibrée, assurant une tenue de route exceptionnelle même à des vitesses élevées. Ainsi, la Porsche 718 Cayman GT4 RS incarne l'esprit de compétition et d'excellence de Porsche, offrant des performances impressionnantes sur route et sur piste, tout en conservant le caractère distinctif et l'émotion propre à la marque."
Porsche,Sportive, 911 Turbo S cabriolet,2015,Bleu,F6,600,"260,000","La Porsche 911 Turbo S Cabriolet est le summum du luxe et de la performance dans la gamme 911. Propulsé par un moteur six cylindres à plat biturbo, il développe une puissance impressionnante de plus de 600 chevaux. Cette puissance est associée à une transmission PDK à huit rapports, offrant des accélérations fulgurantes et des performances dynamiques. Malgré son caractère cabriolet, le 911 Turbo S Cabriolet ne sacrifie rien en termes de performances. Capable d'atteindre une vitesse de pointe remarquable, dépassant les 300 km/h, il offre une expérience de conduite sensationnelle à ciel ouvert. Outre ses performances impressionnantes, le 911 Turbo S Cabriolet se distingue par son design élégant et sportif. La capote électrique se déploie en quelques secondes, ajoutant une touche de sophistication à son allure déjà remarquable. À l'intérieur, l'habitacle est un mélange de luxe et de technologie, avec des matériaux haut de gamme et des équipements de pointe pour offrir un confort optimal à ses occupants."
Porsche,Sportive,718 Boxster GTS 4,2023,Gris,F6,400,"102,000","La Porsche 718 Boxster GTS 4.0 (2023) est une étape marquante dans l'évolution de la gamme Boxster. Dotée d'un moteur six cylindres à plat atmosphérique de 4,0 litres, elle développe une puissance impressionnante de plus de 400 chevaux. Grâce à cette puissance, elle offre des performances dynamiques, propulsant le véhicule de 0 à 100 km/h en un temps remarquablement court. En termes de vitesse maximale, la Boxster GTS 4.0 dépasse aisément les 280 km/h, offrant des sensations fortes à ceux qui ont le privilège de prendre le volant. Associée à une tenue de route précise et à une maniabilité agile, elle offre une expérience de conduite palpitante sur route sinueuse ou sur circuit."
Porsche,Sportive,911 Carrera 4S cabriolet,2020,Bleu,F6,400,"200,000","La Porsche 911 Carrera 4S Cabriolet (2020) incarne l'excellence dans le monde des voitures de sport décapotables. Dotée d'un moteur six cylindres à plat turbocompressé, elle développe une puissance impressionnante de plus de 400 chevaux, offrant des performances à couper le souffle à chaque pression sur l'accélérateur. Grâce à sa transmission intégrale, la Carrera 4S Cabriolet offre une adhérence exceptionnelle sur toutes les surfaces, permettant une accélération incroyable de 0 à 100 km/h en seulement quelques secondes. Quant à sa vitesse maximale, elle dépasse aisément les 280 km/h, offrant des sensations fortes à ceux qui ont la chance de prendre le volant. Au-delà de ses performances impressionnantes, la Carrera 4S Cabriolet séduit également par son design emblématique, avec ses lignes élégantes et ses proportions équilibrées. L'intérieur raffiné est conçu avec des matériaux de haute qualité et des technologies de pointe, offrant un confort et une connectivité de premier ordre à ses occupants."
Porsche,Sportive,Taycan Turbo S,2022,Blanc,Electrique,700,"160,000","Le Porsche Taycan Turbo S est une véritable prouesse d'ingénierie, représentant l'apogée de la performance électrique. Doté de deux moteurs électriques générant une puissance combinée de plus de 700 chevaux, il offre des accélérations stupéfiantes et une réponse instantanée de l'accélérateur. Grâce à cette puissance, le Taycan Turbo S peut atteindre une vitesse maximale impressionnante, dépassant les 260 km/h, faisant de lui l'une des berlines électriques les plus rapides sur le marché. Outre ses performances de supercar, le Taycan Turbo S se distingue par son luxe et son raffinement. Son intérieur somptueux est équipé des dernières technologies, offrant un confort inégalé et une connectivité haut de gamme. De plus, en tant que véhicule électrique, il offre une conduite silencieuse et des émissions nulles, soulignant l'engagement de Porsche envers la durabilité et l'innovation."
Porsche,Sportive,911 Carrera GTS,2022,Gris,F6,450,"130,000","La Porsche 911 Carrera GTS est un véritable chef-d'œuvre d'ingénierie, mariant performances impressionnantes et design emblématique. Dotée d'un moteur six cylindres à plat, elle délivre une puissance remarquable, produisant plus de 450 chevaux. Grâce à cette puissance, la Carrera GTS peut atteindre une vitesse maximale de plus de 300 km/h, offrant ainsi des sensations fortes sur route ou sur piste. Outre ses performances de pointe, la Carrera GTS se distingue par son design distinctif, avec des éléments de style exclusifs tels que des jantes spécifiques, des entrées d'air élargies et des badges GTS. Son allure agressive et sa silhouette racée témoignent de son caractère sportif et de son héritage Porsche."
Porsche,Sportive,Macan Turbo *PACK PERFORMANCE*,2017,Noir,V6,440,"90,000","Le Porsche Macan Turbo Pack Performance (2017) représente l'apogée de la sportivité dans le segment des SUV compacts. Doté d'un moteur puissant, il délivre une puissance supérieure par rapport à la version standard, atteignant plus de 440 chevaux. Grâce à cette puissance accrue, le Macan Turbo Pack Performance peut atteindre une vitesse maximale impressionnante de plus de 270 km/h, faisant de lui l'un des SUV les plus rapides sur le marché. Outre ses performances exceptionnelles, le Macan Turbo Pack Performance se distingue par son design sportif et élégant, avec des éléments distinctifs tels que des prises d'air élargies, des jantes spécifiques et des badges Pack Performance. Son allure agressive et dynamique témoigne de son potentiel sur la route. À l'intérieur, l'habitacle du Macan Turbo Pack Performance offre un mélange de luxe et de technologie, avec des matériaux haut de gamme, des équipements de confort avancés et une connectivité de pointe. Les sièges sport, le volant multifonction et le système d'infodivertissement intuitif ajoutent à l'expérience de conduite haut de gamme."
Porsche,Sportive,718 Spyder,2018,Bleu,F6,400,"105,000","Le Porsche 718 Spyder est une voiture décapotable de prestige qui allie à la perfection performances et sensations. Sous son capot se trouve un moteur six cylindres à plat atmosphérique, délivrant une puissance impressionnante de plus de 400 chevaux. Grâce à cette puissance, la 718 Spyder offre des accélérations fulgurantes et une expérience de conduite dynamique. En termes de performances, la 718 Spyder peut atteindre une vitesse maximale de plus de 300 km/h, offrant ainsi des sensations fortes sur route ouverte. Son agilité et sa précision en font une véritable sportive, capable de s'attaquer aux virages les plus serrés avec aisance. Outre ses performances remarquables, la 718 Spyder séduit également par son design élégant et sportif. Avec ses lignes fluides et son allure racée, elle attire tous les regards sur son passage. Son habitacle, quant à lui, est à la fois luxueux et technologique, offrant un confort optimal et une connectivité de pointe pour une expérience de conduite incomparable."
Porsche,Sportive,Panamera Turbo S E-Hybrid,2022,Blanc,V8,680,"190,000","Le Porsche Panamera Turbo S E-Hybrid est une berline de luxe et de haute performance équipée d'un système hybride rechargeable. Sous son capot se cache un impressionnant moteur V8 biturbo associé à un moteur électrique, offrant une puissance totale combinée de plus de 680 chevaux. Cette puissance colossale permet au Panamera Turbo S E-Hybrid d'atteindre des performances époustouflantes, avec une accélération de 0 à 100 km/h en seulement quelques secondes. En termes de vitesse maximale, le Panamera Turbo S E-Hybrid peut atteindre des vitesses impressionnantes, dépassant facilement les 300 km/h. Cette combinaison de puissance brute et d'efficacité énergétique en fait une véritable bête sur la route, capable de rivaliser avec les supercars tout en offrant une conduite silencieuse et respectueuse de l'environnement en mode électrique. Outre ses performances remarquables, le Panamera Turbo S E-Hybrid se distingue également par son design sophistiqué et son habitacle luxueux. Avec ses lignes élégantes et son intérieur raffiné, il incarne le summum du luxe et de la sportivité chez Porsche. En outre, ses caractéristiques avancées en matière de connectivité et de confort offrent une expérience de conduite haut de gamme, aussi bien pour le conducteur que pour les passagers."
Aston Martin,Sportive,Vantage,2021,Bleu,V8,570,"190,000","L'Aston Martin Vantage incarne l'esprit sportif de la marque britannique. Lancée en 2021, cette voiture de sport élégante est équipée d'un moteur V8 biturbo de 4,0 litres développant plus de 500 chevaux. Avec son design audacieux et ses performances époustouflantes, la Vantage offre une expérience de conduite exaltante. Son habitacle raffiné combine luxe et technologie de pointe pour un confort optimal."
Aston Martin,Sportive,DB11,2021,Noir,V12,690,"120,000","L'Aston Martin DB11 est un modèle emblématique de la marque britannique Aston Martin, lancé en 2016 comme le successeur tant attendu de la DB9. Son introduction a été un moment crucial pour la marque, marquant une nouvelle ère de design et de performance. La DB11 a été saluée pour son design révolutionnaire, fusionnant l'héritage esthétique classique d'Aston Martin avec des éléments modernes et innovants. Ce grand tourer de luxe incarne le mariage parfait entre l'artisanat traditionnel et l'ingénierie de pointe. Sous son capot, elle abrite un moteur V8 ou V12 biturbo, offrant des performances extraordinaires qui élèvent l'expérience de conduite à des sommets vertigineux. Les ingénieurs d'Aston Martin ont intégré des technologies de pointe pour garantir des performances de classe mondiale tout en maintenant un niveau de confort et de sophistication incomparable."
Aston Martin,Sportive,DBS Superleggera,2022,Noir,V12,725,"270,000","L'Aston Martin DBS Superleggera est le fer de lance de la marque britannique Aston Martin, présentant une combinaison saisissante de performances exaltantes et de raffinement luxueux. Annoncée en grande pompe en 2018, cette voiture de sport grand tourisme incarne l'essence même de l'élégance et de la puissance. Arborant un design à la fois agressif et sophistiqué, la DBS Superleggera séduit au premier regard avec ses lignes sculpturales et son allure imposante. Son nom ""Superleggera"", qui signifie ""super légère"" en italien, témoigne de sa construction méticuleusement élaborée, où l'utilisation de matériaux ultralégers et de technologies de pointe permettent de réduire le poids tout en renforçant la structure. Sous son capot se cache un moteur V12 biturbo de 5,2 litres, symbole de puissance brute et de performances incroyables. Avec une puissance impressionnante et un couple généreux, la DBS Superleggera rugit sur les routes, offrant des accélérations fulgurantes et une vitesse de pointe de 305 km/h."
Aston Martin,Sportive,Valkyrie,2023,Vert,V12,1230,"3,500,000","L'Aston Martin Valkyrie, dévoilée en 2017, représente l'apogée de l'ingénierie automobile. Fruit de la collaboration entre Aston Martin et Red Bull Racing, cette hypercar incarne la fusion entre la technologie de pointe de la Formule 1 et le luxe exquis d'Aston Martin. Son design époustouflant, imprégné des principes aérodynamiques de la course automobile, témoigne de sa vocation à fendre l'air avec une efficacité maximale. Chaque courbe et chaque détail de la carrosserie ont été minutieusement conçus pour optimiser la stabilité à haute vitesse et l'appui au sol, offrant une expérience de conduite incomparable. Sous le capot se trouve un moteur V12 atmosphérique de 6,5 litres, développé par Cosworth, associé à un système hybride, offrant une puissance stupéfiante dépassant les 1000 chevaux. Cette puissance brutale propulse la Valkyrie à des vitesses vertigineuses, faisant de chaque trajet une expérience exaltante et inoubliable."
Aston Martin,Sportive,DBS GT Zagato,2022,Rouge,V12,790,"6,740,000","L'Aston Martin DBS GT Zagato est une pièce maîtresse de l'ingénierie automobile née d'une collaboration prestigieuse entre Aston Martin et le carrossier italien Zagato. Annoncée en 2019, cette voiture de sport incarne l'essence même du luxe et de l'exclusivité, tout en rendant hommage à l'héritage riche et légendaire des deux marques. Son design, magnifiquement sculpté et empreint de l'esthétique distinctive de Zagato, marie à la perfection l'élégance classique et l'innovation contemporaine. Chaque ligne fluide et chaque détail minutieusement travaillé témoignent du savoir-faire artisanal et de l'attention aux détails qui caractérisent les créations de Zagato. Sous le capot, la DBS GT Zagato bat au rythme d'un moteur V12 biturbo de 5,2 litres, délivrant une puissance époustouflante et des performances exaltantes à chaque pression sur l'accélérateur. Associée à une transmission automatique à huit vitesses, elle offre une expérience de conduite raffinée et dynamique, digne de l'insigne Aston Martin. Une chose a savoir est que les clients qui achèteront l'Aston Martin DBS GT Zagato recevront automatiquement la DB4 GT Zagato. Ainsi, ces voitures sont vendues par deux, et chaque paire coûte 6,74 millions d'euros hors taxes."
Aston Martin,Sportive,DBS Superleggera Volante,2024,Gris,V12,715,"329,900","L'Aston Martin DBS Superleggera Volante, dévoilée en 2020, incarne l'élégance intemporelle et la performance de pointe dans le segment des voitures de sport cabriolet. Cette déclinaison décapotable de la célèbre DBS Superleggera conserve toutes les caractéristiques qui ont fait du modèle coupé un symbole de luxe et de puissance, tout en ajoutant une dimension supplémentaire de plaisir de conduite au grand air. Son design, à la fois musclé et élégant, conserve les lignes fluides et dynamiques de la DBS Superleggera, mais avec un toit rétractable en toile qui peut être abaissé en quelques secondes pour offrir une expérience de conduite cabriolet ultime. La combinaison de la silhouette athlétique et du toit décapotable confère à la DBS Superleggera Volante un charme indéniable, attirant les regards admiratifs où qu'elle aille. Sous le capot, elle abrite le même moteur V12 biturbo de 5,2 litres que son homologue coupé, délivrant une puissance impressionnante et des performances de pointe. Accompagnée d'une transmission automatique à huit vitesses, elle offre une accélération fulgurante et une expérience de conduite exaltante, propulsant son conducteur vers de nouveaux sommets d'adrénaline à chaque pression sur l'accélérateur."
Aston Martin,Sportive,Speedster,2023,Vert,V12,790,"1,000,000","L'Aston Martin V12 Speedster, dévoilée en 2023, est une voiture de sport exceptionnelle qui marie le raffinement intemporel d'Aston Martin avec des performances spectaculaires et une esthétique audacieuse. Annoncée avec un enthousiasme palpable, cette édition spéciale limitée a rapidement captivé l'imagination des passionnés d'automobiles à travers le monde. Son design est une ode à l'héritage des voitures de sport classiques, avec des lignes fluides et musclées qui évoquent une nostalgie pour les bolides légendaires du passé. L'absence de pare-brise et le cockpit ouvert ajoutent une touche de théâtralité, invitant le conducteur à une expérience de conduite pure et immersive. Sous le capot, la V12 Speedster abrite un moteur V12 atmosphérique de 5,2 litres, développant une puissance impressionnante qui se traduit par des performances exaltantes. Associé à une transmission manuelle à sept vitesses, ce moteur offre une expérience de conduite authentique, rappelant les sensations brutes et authentiques des voitures de sport classiques."
Aston Martin,Sportive,Valhalla,2023,Gris,V12,780,"1,100,000","L'Aston Martin Valhalla, dévoilée initialement en tant que concept car sous le nom de code ""AM-RB 003"" en 2019, représente l'apogée de l'ingénierie automobile et de la collaboration entre Aston Martin et Red Bull Racing. Cette supercar hybride incarne l'alliance parfaite entre la puissance brute de la course automobile et le luxe sophistiqué propre à Aston Martin. Son design spectaculaire, héritier des technologies aérodynamiques de la Formule 1, est à la fois fonctionnel et esthétique. Chaque courbe, chaque détail a été soigneusement conçu pour optimiser la performance aérodynamique, générant un appui au sol remarquable tout en minimisant la traînée. Sous son capot se trouve un groupe motopropulseur hybride sophistiqué, associant un moteur V6 biturbo monté en position centrale à des moteurs électriques, offrant ainsi une combinaison inégalée de puissance et d'efficacité énergétique. Cette configuration permet à la Valhalla d'atteindre des performances exceptionnelles tout en réduisant son impact environnemental. Elle est limité a 500 exemplaires monde"
Aston Martin,Sportive,VANQUISH,2001,Gris,V12,715,"150,000","Dévoilée au Salon de Genève en mars 2001, la première génération de l’Aston Martin Vanquish fût construite en seulement 2 578 exemplaires entre 2001 et 2007, toutes versions confondues. Construite à la main dans l'usine historique de Newport Pagnell, elle est un jalon dans l'histoire d'Aston Martin avec un châssis tout en aluminium et en carbone. La carrosserie est intégralement façonnée à la main, ce qui ajoute de l'exclusivité à ce modèle moderne. De plus elle fût la première Aston Martin à proposer une boîte de vitesse séquentielle. Cette auto hérite d’un fabuleux V12 5.9L développant 460 chevaux. Ce dernier permet de propulser l’auto à 306 km/h, et de franchir la barre des 100 km/h en 5 secondes. Véritable mythe dans l’histoire d’Aston Martin, cette auto devient peu à peu un collector. Jusqu’en 2004, 1492 exemplaires de la Vanquish sortiront des chaînes de production, avant de céder la place à la Vanquish S. Authentique voiture de James Bond, puisqu'en 2002 elle sera la star de ""Meurs un autre Jour"", le vingtième opus de la saga. Bardée de gadgets et prise dans une spectaculaire poursuite sur la glace finlandaise contre une jaguar XKR, elle est la digne héritière de la DB5 de Goldfinger. Le modèle que nous vous proposons se trouve dans un état exceptionnel, avec seulement 28 900 kms parcourus. Il s'agit d'une version 2+2, option appréciable facturée 7 000 € à la commande."
Lamborghini,Sportive,Huracan Performante,2023,Vert,V10,631,"289,900","Avec son V10 5.2 de 640cv, la Lamborghini Huracan Performante est capable de se catapulter à 100 km/h en seulement 2.9 secondes et d'atteindre les 325 km/h de pointe. Capable de battre la célèbre Porsche 918 sur piste, la Performante est un outil qui redouble d'efficacité grâce à l'aéro. Elle a aussi le mérite de rester fidèle au V10 atmosphérique qui se veut atypique et rarissime au sein de la production. Notre exemplaire de première main est extrêmement bien configuré puisqu'il s'arme de toutes les options disponibles et nécessaires à la sportivité, l'efficacité, et au confort d'utilisation."
Lamborghini,Sportive,Aventador S Roadster,2021,Bleu,V12,715,"376,000","Lamborghini, la firme de Sant'Agata Bolognese, fait rêver toutes les générations depuis plus de 50 ans. Si elle a vu naître des icônes comme la Miura ou la Countach, sa gamme actuelle demeure l'une des plus prisées par les collectionneurs et les pilotes du monde entier. Dévoilée au Salon de Genève en 2011, l'Aventador a pris une place de choix dans l'histoire des V12 de cette fascinante marque italienne. Ce modèle en constante évolution a été remis de nombreuses fois au goût du jour avant d'aboutir à sa dernière version de série : l'Aventador S, un modèle profondément retravaillé présenté à l'IAA de Francfort en 2017, duquel ont découlé plusieurs séries spéciales comme les SVJ ou les Ultimae. L'Aventador S, dont le design a été revu avec un nouveau bouclier avant, de sublimes jantes, un diffuseur arrière retravaillé incluant désormais une triple sortie d'échappements, gagne également en confort d'utilisation, tout en conservant profondément l'ADN brutal de Lamborghini. En effet, elle adopte la transmission intégrale, une nouvelle suspension active et elle dispose également des quatre roues directrices, offrant une agilité améliorée à basse vitesse et plus de stabilité à haute vitesse."
Lamborghini,Sportive,gallardo LP570-4,2016,Orange,V12,650,"260,000","Du côté esthétique, quelques modifications la différencie de sa petite sœur. Entre autres, des bas de caisse en carbone, un capot moteur carbone, un bouclier arrière en carbone ainsi qu'un nouvel aileron optionnel en fibre de carbone fixe avec un feu d'arrêt incorporé fait son apparition cote extérieur. Un gros changement intérieur avec des sièges baquet, une console centrale et des panneaux de porte entièrement en carbone ainsi que de l'alcantara sur l'intégralité du tableau de bord, des sièges et du plafonnier, pour finir le fond de compteur passe de noir à blanc sur la superleggera. Du côté performance, elle gagne dix chevaux et perd 70 kg pour arriver à un poids total de 1 340 kg grâce à l'utilisation intensive de fibre de carbone... Grâce à tout ceci, elle abat maintenant le 0 à 100 km/h en 3,4 secondes ce qui est aussi bien que sa concurrente la plus directe, la nouvelle Ferrari 458 Italia et le 0 à 200 km/h en 10,2 secondes. Avec un temps de 7,38 minutes sur le célèbre circuit du Nurburgring en Allemagne. Pour ce qui est de la consommation, on est très loin du 17 L/100 km de la première Gallardo puisque les chiffres annoncés par Lamborghini sont de 13,5 L/100 km avec la boîte automatique e-Gear et 14,4 L/100 km avec la boîte manuelle qui est très rare sur le marché.Au total il y a eu 150 exemplaires de Lamborghini Gallardo LP570-4 Superleggera produit de 2010 à 2013."
Lamborghini,Sportive,HURACÁN LP640-4 PERFORMANTE SPYDER,2018,Vert,V10,640,"345,000","L'Huracán Performante a redéfini le concept de supercar grâce au système ALA : Aerodinamica Lamborghini Attiva. S’adaptant à la conduite et au parcours, l’auto augmente la charge verticale en favorisant la stabilité et la vitesse en courbe, ou diminue la résistance aérodynamique pour des accélérations optimisées. Les spoilers avant et arrière actifs en carbone forgé permettent de tirer profit de l’aérodynamique pour obtenir le rendement maximum. L'utilisation massive du carbone forgé breveté par Lamborghini, à l’intérieur comme à l’extérieur, est remarquable et contribue à rendre l’auto toujours plus légère. L’habitacle est entièrement vêtu d’Alcantara. Avec une dynamique des fluides optimisée, son V10 5.2L atmosphérique est le plus puissant jamais produit par Lamborghini, développant 640 chevaux à 8 000 tr/min. L’auto abat le 0 à 100 km/h en 2,9 secondes pour une vitesse maximale supérieure à 325 km/h et un poids à vide réduit à 1 382 kg. La transmission double embrayage à 7 rapports Lamborghini Doppia Frizione a été perfectionnée, le nouveau système d’échappement allégé. Elle devient ainsi la plus rapide des Huracán, en améliorant le moteur, en rendant plus efficace la direction et les suspensions, le tout en utilisant des matériaux ultra légers."
Lamborghini,Sportive,Veneno,2022,Noir,V12,750,"7,300,000","La Lamborghini Veneno est une supercar extrêmement exclusive produite par le constructeur automobile italien Lamborghini. Elle a été dévoilée pour la première fois au Salon international de l'automobile de Genève en 2013 pour célébrer le 50e anniversaire de Lamborghini. Le nom ""Veneno"" est en fait celui d'un célèbre taureau de combat espagnol qui avait gagné une grande réputation dans les années 1910 pour sa bravoure. Comme beaucoup de voitures Lamborghini, la Veneno tire son nom et son inspiration de la tauromachie. Seulement cinq exemplaires de la Lamborghini Veneno ont été produits : trois coupés et deux roadsters. La voiture est basée sur la plate-forme de la Lamborghini Aventador, mais elle a été considérablement modifiée pour offrir des performances encore plus impressionnantes. Elle est propulsée par un moteur V12 de 6,5 litres qui développe une puissance de 750 chevaux, lui permettant d'atteindre une vitesse de pointe de plus de 350 km/h."
Lamborghini,Sportive,Centenario,2018,Noir,V12,770,"3,000,000","La Lamborghini Centenario est un modèle de voiture de sport produit par le constructeur automobile italien Lamborghini pour célébrer le 100e anniversaire du fondateur de l'entreprise, Ferruccio Lamborghini. La voiture a été dévoilée pour la première fois au Salon international de l'automobile de Genève en 2016. La Centenario est une supercar extrêmement exclusive, avec seulement 40 exemplaires produits au total : 20 coupés et 20 cabriolets. Elle est basée sur la plate-forme de la Lamborghini Aventador et est équipée d'un moteur V12 de 6,5 litres qui produit plus de 770 chevaux, ce qui lui permet d'atteindre une vitesse maximale de plus de 350 km/h. La voiture est également dotée de caractéristiques aérodynamiques avancées pour une meilleure stabilité à haute vitesse. Sur le plan du design, la Centenario présente un look agressif et futuriste, avec des lignes angulaires et des prises d'air imposantes qui lui confèrent une présence impressionnante sur la route. L'intérieur est également luxueux et haut de gamme, avec des matériaux de qualité et des technologies de pointe."
Maserati,Sportive,MC20,2020,Gris,V6,621,"210,000","La Maserati MC20 2020 marque le retour de Maserati dans le segment des supercars. Ce bolide, équipé d'un moteur V6 bi-turbo développant 630 chevaux, combine performance de haute volée et design italien emblématique. Avec sa structure en fibre de carbone, elle assure une expérience de conduite dynamique et légère, tout en proposant un confort de luxe typique de la marque au trident."
Maserati,Sportive,GranTurismo,2018,Gris,V8,590,"150,000","La Maserati GranTurismo 2018 représente l'essence du grand tourisme italien, combinant de manière exquise performance, confort et style. Propulsée par un V8 atmosphérique, elle offre une sonorité enivrante et des performances de haut niveau, tout en maintenant le luxe et l'élégance propres à Maserati."
Maserati,Sportive,Levante Trofeo,2019,Noir,V8,590,"170,000","Le Maserati Levante Trofeo 2019 élève le segment des SUV à un niveau supérieur avec son moteur V8 bi-turbo de 590 chevaux. Il allie la praticité et le confort d'un SUV de luxe avec les performances et l'émotion typiques de Maserati. Avec son design agressif et ses capacités dynamiques, c'est le choix parfait pour ceux qui recherchent une expérience de conduite sportive sans renoncer à l'espace et au confort."
Maserati,Sportive,Ghibli Trofeo,2021,Gris,V8,580,"120,000","La Maserati Ghibli Trofeo 2021 réinvente la berline sportive avec son puissant moteur V8 bi-turbo qui développe 580 chevaux. Elle associe une performance impressionnante à une élégance et un confort inégalés, ce qui en fait un choix idéal pour les amateurs de conduite sportive à la recherche d'un véhicule adapté au quotidien."
Maserati,Sportive,Quattroporte Trofeo,2023,Rouge,V8,580,"190,000","La Maserati Quattroporte Trofeo 2023 redéfinit le concept de la berline sportive de luxe, avec son moteur V8 de 580 chevaux et un design élégant. Ce modèle est parfait pour ceux qui exigent la meilleure performance sans compromettre le confort et le style"
Maserati,Sportive,Alfieri,2023,Gris,V8,621,"250,000","L'Alfieri 2023 est la vision de Maserati pour l'avenir des voitures de sport, combinant des performances à couper le souffle avec une esthétique audacieuse et moderne. C'est la voiture parfaite pour ceux qui veulent se démarquer et vivre une expérience de conduite unique."